{
    "expert_rootfile_dir" : "/volatile/halla/sbs/seeds/rootfiles",

    "general_rootfile_dir" : {
	"sbs4" : "/w/halla-scshelf2102/sbs/sbs-gmn/pass0/SBS4",
	"sbs7" : "/w/halla-scshelf2102/sbs/sbs-gmn/pass0/SBS7",
	"sbs11" : "/w/halla-scshelf2102/sbs/sbs-gmn/pass1/SBS11",
	"sbs14" : "/w/halla-scshelf2102/sbs/sbs-gmn/pass1/SBS14",
	"sbs8" : "/w/halla-scshelf2102/sbs/sbs-gmn/pass1/SBS8",
	"sbs9" : "/w/halla-scshelf2102/sbs/sbs-gmn/pass1/SBS9"
    },

    "lh2runs" : {
	"sbs4_runs" : [ 11589, 11590, 11592 ],
	"sbs9_runs" : [ 13747 ]
    },
    
    "ld2runs" : {
	"sbs8_runs" : [ 13559 ],
	"sbs11_runs" : [ 12382 ]
    },

    "kIdx" : [ 4, 7, 11, 14, 8, 9 ],

    "nfset_lh2" : {
	"sbs4" : 3,
	"sbs7" : 1,
	"sbs11" : 2,
	"sbs14" : 2,
	"sbs8" : 4,
	"sbs9" : 1
    },

    "nfset_ld2" : {
	"sbs4" : 3,
	"sbs7" : 1,
	"sbs11" : 2,
	"sbs14" : 1,
	"sbs8" : 4,
	"sbs9" : 1
    },

    "fset_lh2" : {
	"sbs4" : [ 0, 30, 50, -1 ],
	"sbs7" : [ 85, -1, -1, -1 ],
	"sbs11" : [ 0, 100, -1, -1 ],
	"sbs14" : [ 0, 70, -1, -1 ],
	"sbs8" : [ 0, 50, 70, 100 ],
	"sbs9" : [ 70, -1, -1, -1 ]
    },

    "fset_ld2" : {
	"sbs4" : [ 0, 30, 50, -1 ],
	"sbs7" : [ 85, -1, -1, -1 ],
	"sbs11" : [ 0, 100, -1, -1 ],
	"sbs14" : [ 70, -1, -1, -1 ],
	"sbs8" : [ 0, 50, 70, 100 ],
	"sbs9" : [ 70, -1, -1, -1 ]
    },

    "TOFfitp_mset" : {
	"sbs4" : 30,
	"sbs7" : 85,
	"sbs11" : 100,
	"sbs14" : 70,
	"sbs8" : 70,
	"sbs9" : 70
    },

    "TOFfitp_p" : {
	"sbs4" : [ 73.7816, -35.8806, 12.90060, -1.60996 ],
	"sbs7" : [ 52.7549, -2.05791, 0.273797, -0.01309 ],
	"sbs11" : [ 54.6380, -1.97939, 0.231943, -0.00934 ],
	"sbs14" : [ 65.2843, -10.6005, 2.252520, -0.16723 ],
	"sbs8" : [ 60.6177, -18.2422, 5.123620, -0.49684 ],
	"sbs9" : [ 71.7263, -32.1323, 41.57460, -1.18023 ]
    },

    "TOFfitp_n" : {
	"sbs4" : [ 62.1158, -20.8086, 6.464510, -0.71342 ],
	"sbs7" : [ 55.8218, -3.84358, 0.617647, -0.03516 ],
	"sbs11" : [ 51.4030, -0.51868, 0.016076, 0.001009 ],
	"sbs14" : [ 64.1014, -9.30317, 1.818670, -0.12324 ],
	"sbs8" : [ 56.1597, -13.4154, 3.449660, -0.30995 ],
	"sbs9" : [ 63.9328, -22.3211, 6.673740, -0.68472 ]
    },

    "TOFfitp_ulim" : {
	"sbs4" : 2.8,
	"sbs7" : 6.7,
	"sbs11" : 8.9,
	"sbs14" : 5.4,
	"sbs8" : 3.9,
	"sbs9" : 3.7
    }

}
